precision,recall,WAF,accuracy,AUC
0.4961904306955606,0.49840337459591577,0.41318442736608246,0.49840337459591577,0.4984033745959158
0.4996662430995305,0.49983245288969486,0.4287069599179986,0.49983245288969486,0.49983245288969486
0.49560096450665453,0.49733895765985964,0.4422492079118582,0.49733895765985964,0.49733895765985964
0.49537535622391615,0.49663920208152645,0.45972707829788484,0.49663920208152645,0.49663920208152645
0.4977663172694545,0.49824568319798157,0.4697993743577646,0.49824568319798157,0.49824568319798157
