precision,recall,WAF,accuracy,AUC
0.5009255288695148,0.5005420641803989,0.44283051383481936,0.5005420641803989,0.5005420641803989
0.4979749746592419,0.49854135456910825,0.4608420443189957,0.49854135456910825,0.49854135456910825
0.4960763969010121,0.4964716549712213,0.4834628547647385,0.4964716549712213,0.49647165497122137
0.49508634599664925,0.49514113380115116,0.4937298913878231,0.49514113380115116,0.49514113380115116
0.4985144744752617,0.49865962311755896,0.486106671713455,0.49865962311755896,0.49865962311755885
