precision,recall,WAF,accuracy,AUC
0.613394531579795,0.519740991878893,0.39477604712092973,0.519740991878893,0.519740991878893
0.6048203475278415,0.5208645430891745,0.4009029164231431,0.5208645430891745,0.5208645430891745
0.5859104632931774,0.5216628557912166,0.41166768741917076,0.5216628557912166,0.5216628557912165
0.5386898343831076,0.5235847197035401,0.4720552543070074,0.5235847197035401,0.5235847197035403
0.5157107841448361,0.5143006386501616,0.5031517957551488,0.5143006386501616,0.5143006386501616
