precision,recall,WAF,accuracy,AUC
0.5209180429236638,0.5208941102262872,0.5207570326690211,0.5208941102262872,0.5208941102262872
0.5145279222346218,0.5138965544429551,0.5085571608414652,0.5138965544429551,0.5138965544429552
0.5107996727041867,0.5067807301111724,0.456187757432219,0.5067807301111724,0.5067807301111724
0.5121319894340557,0.5022963809824174,0.3757799504184402,0.5022963809824174,0.5022963809824175
0.5029560491911944,0.5002956713711267,0.3552248967850019,0.5002956713711267,0.5002956713711267
