precision,recall,WAF,accuracy,AUC
0.5538888618011794,0.5352538831506741,0.4912740265670599,0.5352538831506741,0.5352538831506742
0.5455149506831043,0.5334108649373177,0.5001808271428528,0.5334108649373177,0.5334108649373177
0.5415470558512167,0.5353228731372703,0.5172423387365825,0.5353228731372703,0.5353228731372704
0.5379003230804791,0.5352046045888197,0.5267901610591477,0.5352046045888197,0.5352046045888197
0.53129899139174,0.5294981471260742,0.5226315825909644,0.5294981471260742,0.5294981471260742
