precision,recall,WAF,accuracy,AUC
0.49885535349147414,0.4991721201608452,0.4619472718395755,0.4991721201608452,0.4991721201608453
0.49561217455231954,0.4962843964361744,0.4762235486990292,0.4962843964361744,0.4962843964361744
0.4958080723841374,0.49614641646298197,0.4857701260690885,0.49614641646298197,0.49614641646298197
0.4964726413935519,0.49692501774028225,0.48026116368850646,0.49692501774028225,0.4969250177402823
0.49796654111974403,0.4983935188835449,0.47060335843658485,0.4983935188835449,0.4983935188835449
