precision,recall,WAF,accuracy,AUC
0.5489493243784828,0.5349187889300638,0.4990192749366392,0.5349187889300638,0.5349187889300638
0.5408204368517108,0.5360620515650871,0.5221360568207614,0.5360620515650871,0.5360620515650871
0.5361715720215466,0.53598320586612,0.5353783178622201,0.53598320586612,0.53598320586612
0.5367990275401766,0.528443585902389,0.5000652862382198,0.528443585902389,0.528443585902389
0.5311695667099755,0.5203816131830009,0.4749510518195609,0.5203816131830009,0.5203816131830008
