precision,recall,WAF,accuracy,AUC
0.5407561006205254,0.5368702199795001,0.5255614116178066,0.5368702199795001,0.5368702199795001
0.5375073555589985,0.5369983442403217,0.5354221508503895,0.5369983442403217,0.5369983442403217
0.5365320324491948,0.5364759914846645,0.5362981592052211,0.5364759914846645,0.5364759914846645
0.537960460257285,0.5374024284475282,0.5356960716247157,0.5374024284475282,0.5374024284475282
0.5309687837883957,0.5283253173539384,0.5180404123886608,0.5283253173539384,0.5283253173539384
