precision,recall,WAF,accuracy,AUC
0.5070947121958536,0.5013896554442955,0.3759320209821114,0.5013896554442955,0.5013896554442955
0.5002674609245692,0.500088701411338,0.399801992372838,0.500088701411338,0.500088701411338
0.497465969591302,0.49872861310415517,0.427400656225773,0.49872861310415517,0.49872861310415517
0.49603848818683477,0.49705314200110384,0.46264525241453097,0.49705314200110384,0.49705314200110384
0.49640103591799345,0.4969053063155405,0.4786427578593951,0.4969053063155405,0.4969053063155405
