precision,recall,WAF,accuracy,AUC
0.5039354660889703,0.5008475912638966,0.3790425152395618,0.5008475912638966,0.5008475912638966
0.49969513232227925,0.4998817314515493,0.4095300990661779,0.4998817314515493,0.49988173145154935
0.49792622085814275,0.4988074588031223,0.4392340684719115,0.4988074588031223,0.4988074588031223
0.49651473770388155,0.49732910194748875,0.46614398494955805,0.49732910194748875,0.4973291019474888
0.49624141181371584,0.49685602775368604,0.47541040016555075,0.49685602775368604,0.496856027753686
