precision,recall,WAF,accuracy,AUC
0.5018500556283024,0.5008180241267839,0.4199203998021308,0.5008180241267839,0.5008180241267839
0.49732679451815576,0.49854135456910825,0.4342836197770327,0.49854135456910825,0.4985413545691082
0.49703185846959663,0.4980190018134511,0.4524969112876036,0.4980190018134511,0.4980190018134511
0.49691870275515304,0.49754592761964833,0.47060519807315543,0.49754592761964833,0.49754592761964833
0.4968570565011009,0.49732910194748875,0.47771845469268864,0.49732910194748875,0.4973291019474888
