precision,recall,WAF,accuracy,AUC
0.5687130085857469,0.525299613656075,0.43625503839475455,0.525299613656075,0.525299613656075
0.5285766855116439,0.5272904675549949,0.5219108474036481,0.5272904675549949,0.5272904675549949
0.5129879629636963,0.5098064338090357,0.4778286851307479,0.5098064338090357,0.5098064338090357
0.5108637157979059,0.5013108097453284,0.3607899848147807,0.5013108097453284,0.5013108097453284
0.5031830618178562,0.500177402822676,0.3457248607253175,0.500177402822676,0.500177402822676
