precision,recall,WAF,accuracy,AUC
0.4991589210209397,0.4996846172041315,0.4070290620884832,0.4996846172041315,0.4996846172041315
0.49716425552555754,0.4984822202948829,0.4325488637622925,0.4984822202948829,0.4984822202948829
0.4978171001206035,0.4983048174722069,0.4686239655618881,0.4983048174722069,0.49830481747220695
0.4933596236320749,0.4936923440826303,0.4872696710056778,0.4936923440826303,0.4936923440826303
0.4963068789349281,0.49631396357328705,0.4960722882034405,0.49631396357328705,0.4963139635732871
