precision,recall,WAF,accuracy,AUC
0.5065369574034383,0.5013009540329575,0.37643429460482475,0.5013009540329575,0.5013009540329575
0.5035139165094398,0.5008870141133801,0.38616584744700105,0.5008870141133801,0.5008870141133802
0.4995813027831742,0.4998620200268075,0.39915173169540624,0.4998620200268075,0.4998620200268076
0.49782593293339705,0.4990932744618781,0.4136408373112139,0.4990932744618781,0.4990932744618781
0.49637616764748976,0.4981668374990144,0.4274355038141665,0.4981668374990144,0.49816683749901447
