precision,recall,WAF,accuracy,AUC
0.5586283353939157,0.5347610975321296,0.4820472454741794,0.5347610975321296,0.5347610975321296
0.5508850954856558,0.5348892217929512,0.495219421110751,0.5348892217929512,0.5348892217929513
0.5470116202843914,0.5367223842939368,0.5099061905958973,0.5367223842939368,0.5367223842939367
0.5439063412125575,0.536071907277458,0.5144103432510336,0.536071907277458,0.536071907277458
0.5375685281193237,0.5327800993455807,0.5174023029947199,0.5327800993455807,0.5327800993455807
