precision,recall,WAF,accuracy,AUC
0.5444620020626393,0.5403591421587952,0.5295050719084887,0.5403591421587952,0.5403591421587952
0.5416939952139025,0.5405069778443586,0.5372131218590298,0.5405069778443586,0.5405069778443586
0.5385068949839856,0.5383879996846173,0.5380314018935363,0.5383879996846173,0.5383879996846171
0.5362044789842881,0.5359634944413783,0.5351900264744821,0.5359634944413783,0.5359634944413783
0.5382046116125379,0.5377473783805093,0.5363601666634815,0.5377473783805093,0.5377473783805093
