precision,recall,WAF,accuracy,AUC
0.6233302678524392,0.519021524875818,0.39005322111770496,0.519021524875818,0.5190215248758181
0.607080317952288,0.5196325790428132,0.39639906058467883,0.5196325790428132,0.5196325790428132
0.5820828402082977,0.522973665536545,0.4182399757583991,0.522973665536545,0.522973665536545
0.5630437901714656,0.5243731766932114,0.43822615413775323,0.5243731766932114,0.5243731766932114
0.5462310543757453,0.5220373728613105,0.45009288822635546,0.5220373728613105,0.5220373728613104
