precision,recall,WAF,accuracy,AUC
0.551660181668474,0.5366139714578569,0.50022355839797,0.5366139714578569,0.5366139714578569
0.5454223262128172,0.5388906410155326,0.521695721489006,0.5388906410155326,0.5388906410155325
0.5368957185382677,0.5349680674919183,0.5288136758253162,0.5349680674919183,0.5349680674919184
0.535649743708849,0.5355791216589135,0.5353490035538468,0.5355791216589135,0.5355791216589135
0.5339787388678682,0.533203894977529,0.5305274571251473,0.533203894977529,0.533203894977529
