,PRECISION(MEDIAN),PRECISION(IQR),RECALL(MEDIAN),RECALL(IQR),WAF(MEDIAN),WAF(IQR),ACCURACY(MEDIAN),ACCURACY(IQR),ROC AUC(MEDIAN),ROC AUC(IQR)
800,0.8715938800333609,0.0378789271178499,0.8712350223196805,0.03887148562925835,0.8712012898792567,0.03897988837907951,0.8712350223196805,0.03887148562925835,0.8712352244379435,0.03887175617368532
600,0.8484293663615667,0.0009608975282502374,0.8484219594330018,0.0009650430065725191,0.8484211601969569,0.0009655015962051205,0.8484219594330018,0.0009650430065725191,0.848421993864328,0.0009650712472346612
400,0.7917733237202548,0.0018379121846352486,0.7917143080899052,0.00181298457201029,0.7917037754151377,0.0018087351947249086,0.7917143080899052,0.00181298457201029,0.7917143082841346,0.001812864545979953
200,0.7161783843282845,0.0025594337392740307,0.7158117315373169,0.0026392029123586402,0.7156712180990018,0.0026725932443849576,0.7158117315373169,0.0026392029123586402,0.715811724598428,0.0026396928933158925
0,0.6877705599370945,0.0019176472598614325,0.6876522225573098,0.001918709374265859,0.6876030688988548,0.0019203367077577083,0.6876522225573098,0.001918709374265859,0.6876523457960542,0.001919021308641522
