precision,recall,WAF,accuracy,AUC
0.5373970739668975,0.5351553260269653,0.5280831237601085,0.5351553260269653,0.5351553260269653
0.5276696239473805,0.5276452732003469,0.5275413259830241,0.5276452732003469,0.527645273200347
0.5198549486992164,0.5184301821335646,0.5096331524884291,0.5184301821335646,0.5184301821335646
0.5061312411346514,0.503686036426713,0.4487221577590011,0.503686036426713,0.503686036426713
0.5006465860327146,0.5002956713711267,0.42185276910768266,0.5002956713711267,0.5002956713711267
