,PRECISION(MEDIAN),PRECISION(IQR),RECALL(MEDIAN),RECALL(IQR),WAF(MEDIAN),WAF(IQR),ACCURACY(MEDIAN),ACCURACY(IQR),ROC AUC(MEDIAN),ROC AUC(IQR)
800,0.8811259170357191,0.04615173463963185,0.8664948226112492,0.06205884620381752,0.8651788869899235,0.0641301119628993,0.8664948226112492,0.06205884620381752,0.866495754796061,0.06205997946149189
600,0.9353936879936138,0.016114570992527,0.9347967741910027,0.015268288307569544,0.9347748331699623,0.0152435032615299,0.9347967741910027,0.015268288307569544,0.9347966450779532,0.015268217489443847
400,0.8932915135578043,0.02387043505882247,0.8912148143663237,0.021303857334175058,0.8910726222970722,0.021175803459151488,0.8912148143663237,0.021303857334175058,0.8912145429608387,0.021303980611744766
200,0.8538228965036943,0.026306857528926697,0.8448213921589927,0.021013885866796422,0.8438348463495304,0.020672518319359456,0.8448213921589927,0.021013885866796422,0.8448207516216495,0.021014823262105686
0,0.841858780834752,0.024698048540828688,0.8271621057029455,0.01834270493016854,0.8252880684261978,0.017892349239806093,0.8271621057029455,0.01834270493016854,0.8271621057029455,0.018344369681891126
