,PRECISION(MEDIAN),PRECISION(IQR),RECALL(MEDIAN),RECALL(IQR),WAF(MEDIAN),WAF(IQR),ACCURACY(MEDIAN),ACCURACY(IQR),ROC AUC(MEDIAN),ROC AUC(IQR)
800,0.8732321659398361,0.04470511668470234,0.853290559154523,0.06295121673813908,0.8512880839474656,0.06562133585756402,0.853290559154523,0.06295121673813908,0.8532916252892467,0.06295246197918414
600,0.9013746126433926,0.0010630113018977871,0.8995108279367732,0.0009787794314075615,0.8994032118566371,0.0009795380454589164,0.8995108279367732,0.0009787794314075615,0.8995108279367733,0.0009789175425229946
400,0.829615731673014,0.0023768326705200238,0.8258216698001533,0.002150715283924076,0.8253190009350271,0.0021307568067490124,0.8258216698001533,0.002150715283924076,0.8258216698001533,0.0021504363328680443
200,0.7284862541786454,0.0044222849073700665,0.7266246540048396,0.0044315955831071285,0.7260666305847172,0.0044407818813541056,0.7266246540048396,0.0044315955831071285,0.7266246480123597,0.004431801001459346
0,0.688826320592913,0.001597444835015449,0.6887142260288281,0.0016638440122433984,0.6886680267671823,0.0016918751022484413,0.6887142260288281,0.0016638440122433984,0.6887142260288281,0.0016637919856239414
