,StaticvsGrowing,StaticvsUniform,GrowingvsUniform
NormalRandomForestClassifier,0.00015615798169106888,0.0001570522842307523,0.00015615798169106888
NormalXGBClassifier,0.0019321085610345201,0.0001570522842307523,0.00015615798169106888
WeightedRandomForestClassifier,0.0001570522842307523,0.0001570522842307523,0.0001570522842307523
WeightedXGBClassifier,0.019064814681934328,0.00015615798169106888,0.0001570522842307523
PURandomForestClassifier,0.00015526747185868903,0.00015615798169106888,0.00015615798169106888
PUXGBClassifier,0.010165201891956268,0.0001570522842307523,0.0001570522842307523
