,StaticvsGrowing,StaticvsUniform,GrowingvsUniform
NormalRandomForestClassifier,0.0001570522842307523,0.0001570522842307523,0.0001570522842307523
NormalXGBClassifier,0.0019397281129030423,0.0001570522842307523,0.0001570522842307523
WeightedRandomForestClassifier,0.0001570522842307523,0.0001570522842307523,0.0001570522842307523
WeightedXGBClassifier,0.028365505605210242,0.0001570522842307523,0.0001570522842307523
PURandomForestClassifier,0.0001570522842307523,0.0001570522842307523,0.0001570522842307523
PUXGBClassifier,0.010165201891956268,0.0001570522842307523,0.0001570522842307523
