,NormalvsWeighted,NormalvsPU,WeightedvsPU
StaticRandomForestClassifier,0.17361733442493982,0.0001570522842307523,0.0001570522842307523
StaticXGBClassifier,0.0001570522842307523,0.0001570522842307523,0.0001570522842307523
GrowingRandomForestClassifier,0.4496917979688917,0.0001570522842307523,0.0001570522842307523
GrowingXGBClassifier,0.0001570522842307523,0.0001570522842307523,0.0001570522842307523
UniformRandomForestClassifier,0.0001570522842307523,0.0001570522842307523,0.0001570522842307523
UniformXGBClassifier,0.0001570522842307523,0.0001570522842307523,0.0001570522842307523
