precision,recall,WAF,accuracy,AUC
0.7923312139293477,0.7918966500222413,0.7918192824493546,0.7918966500222413,0.7918966500222413
