precision,recall,WAF,accuracy,AUC
0.25,0.5,0.3333333333333333,0.5,0.5
0.25,0.5,0.3333333333333333,0.5,0.5
0.25,0.5,0.3333333333333333,0.5,0.5
0.25,0.5,0.3333333333333333,0.5,0.5
0.25,0.5,0.3333333333333333,0.5,0.5
0.25,0.5,0.3333333333333333,0.5,0.5
0.25,0.5,0.3333333333333333,0.5,0.5
0.25,0.5,0.3333333333333333,0.5,0.5
0.25,0.5,0.3333333333333333,0.5,0.5
0.25,0.5,0.3333333333333333,0.5,0.5
