,StaticvsGrowing,StaticvsUniform,GrowingvsUniform
NormalRandomForestClassifier,0.00015615798169106888,0.0001570522842307523,0.00015615798169106888
NormalXGBClassifier,0.0024875386580936036,0.0001570522842307523,0.00015615798169106888
WeightedRandomForestClassifier,0.00015615798169106888,0.0001570522842307523,0.00015615798169106888
WeightedXGBClassifier,0.0014927163774879205,0.0001570522842307523,0.00015615798169106888
PURandomForestClassifier,0.0001570522842307523,0.0001570522842307523,0.0001570522842307523
PUXGBClassifier,0.008150971593502705,0.0001570522842307523,0.0001570522842307523
