,StaticvsGrowing,StaticvsUniform,GrowingvsUniform
NormalRandomForestClassifier,0.0001570522842307523,0.0001570522842307523,0.0001570522842307523
NormalXGBClassifier,0.00249690891514156,0.0001570522842307523,0.0001570522842307523
WeightedRandomForestClassifier,0.0001570522842307523,0.0001570522842307523,0.0001570522842307523
WeightedXGBClassifier,0.0014988733371516757,0.0001570522842307523,0.0001570522842307523
PURandomForestClassifier,0.0001570522842307523,0.0001570522842307523,0.0001570522842307523
PUXGBClassifier,0.010165201891956268,0.0001570522842307523,0.0001570522842307523
