,StaticvsGrowing,StaticvsUniform,GrowingvsUniform
NormalRandomForestClassifier,0.0001570522842307523,0.0001570522842307523,0.0001570522842307523
NormalXGBClassifier,0.0001570522842307523,0.0001570522842307523,0.0001570522842307523
WeightedRandomForestClassifier,0.0001570522842307523,0.0001570522842307523,0.0001570522842307523
WeightedXGBClassifier,0.0002851180836316128,0.0001570522842307523,0.0001570522842307523
PURandomForestClassifier,0.0001570522842307523,0.0001570522842307523,0.0001570522842307523
PUXGBClassifier,0.49629170223109464,0.0001570522842307523,0.0001570522842307523
