,precision,recall,WAF
RandomForestClassifier,0.6799583428931321,0.679766860512196,0.6796816528486003
XGBClassifier,0.6859078735478731,0.684624370551875,0.6840790931751428
