,precision,recall,WAF
RandomForestClassifier,0.7044851472058762,0.6247300758486866,0.5841851465988914
XGBClassifier,0.6792560071795313,0.6748092535997384,0.6727799394942752
