,precision,recall,WAF
RandomForestClassifier,0.6831602680960738,0.6825257102754126,0.6822504998921777
XGBClassifier,0.6846179826888196,0.6845332711508066,0.6844970792028731
