,precision,recall,WAF
RandomForestClassifier,0.7021344660884731,0.6332692199256953,0.599125728840347
XGBClassifier,0.6957080553513415,0.6562247435985791,0.63796496619778
