,precision,recall,WAF
RandomForestClassifier,0.6889907168538297,0.6832061440735153,0.6807633686305724
XGBClassifier,0.6677460358702044,0.6279522954049912,0.6044963465714883
