,precision,recall,WAF
RandomForestClassifier,0.700739144392368,0.6242411332410267,0.5846727293315345
XGBClassifier,0.6662232525973388,0.665152587821794,0.6646125196367285
