,precision,recall,WAF
RandomForestClassifier,0.7001269839463111,0.6238052107357832,0.5841581491471913
XGBClassifier,0.6670403360041918,0.6659025063957028,0.665332592423956
