,precision,recall,WAF
RandomForestClassifier,0.7017331555334232,0.6333125391764914,0.5993401976523827
XGBClassifier,0.6953016959610515,0.6560750179199645,0.6378925431651495
