precision,recall,WAF,accuracy,AUC
0.7323676752237487,0.7323165903535649,0.732301855790269,0.7323165903535649,0.732316539281778
0.7310906317936606,0.7310565635005336,0.7310466331697782,0.7310565635005336,0.7310565216733702
0.7320770377142584,0.7320411746479843,0.7320308041766774,0.7320411746479843,0.7320411318252862
