precision,recall,WAF,accuracy,AUC
0.7147721358863296,0.7141322683926051,0.7139190998064834,0.7141322683926051,0.7141320804512361
0.7138459704018442,0.7132027403862705,0.7129868223224861,0.7132027403862705,0.7132025515440933
0.7137885970871024,0.7131270010672358,0.7129047961537742,0.7131270010672358,0.7131268095227631
