precision,recall,WAF,accuracy,AUC
0.6770706629970132,0.676833794453067,0.676725682929278,0.676833794453067,0.6768337944530671
0.6771047139731043,0.6768712838623089,0.6767647750734194,0.6768712838623089,0.6768712838623088
0.676627683036685,0.676417662010482,0.6763214436524715,0.676417662010482,0.6764176620104819
