precision,recall,WAF,accuracy,AUC
0.68839784907117,0.6842978620855854,0.6825705628194473,0.6842978620855854,0.6842973541819458
0.6979239294822667,0.6974627328123387,0.6972864778753107,0.6974627328123386,0.6974628989652504
0.6969225029629709,0.6963335284194582,0.6961064011466251,0.6963335284194582,0.6963337166647386
