precision,recall,WAF,accuracy,AUC
0.6527450514854056,0.652623133964655,0.6525538031115325,0.652623133964655,0.652623133964655
0.6518471246252151,0.6517421328474706,0.6516819233865169,0.6517421328474706,0.6517421328474706
0.6530133810296467,0.6528930577111965,0.6528248067009578,0.6528930577111965,0.6528930577111967
