precision,recall,WAF,accuracy,AUC
0.6711749765754516,0.670006973030119,0.6694430885590629,0.670006973030119,0.670006973030119
0.6598985097762722,0.6465610964902415,0.639033893530423,0.6465610964902415,0.6465610964902415
0.6654335211674259,0.6652983032293377,0.6652298967135655,0.6652983032293377,0.6652983032293377
