precision,recall,WAF,accuracy,AUC
0.695459818319719,0.6923262299032602,0.6910878803413099,0.6923262299032602,0.6923257939663043
0.6946731447117515,0.691789169277378,0.6906432008081321,0.691789169277378,0.6917887502178698
0.6940652530094977,0.6911419423692636,0.6899741866655432,0.6911419423692636,0.6911415198014859
