precision,recall,WAF,accuracy,AUC
0.7418193932629994,0.7400695424656591,0.7395985808310348,0.7400695424656591,0.7400698352964548
0.7400488680649866,0.7382999965573037,0.7378225930270388,0.7382999965573037,0.7383002903835967
0.7407492577598501,0.7390436189623714,0.7385807153741804,0.7390436189623714,0.7390439087115572
