precision,recall,WAF,accuracy,AUC
0.6770692165637658,0.6768150497484461,0.6766990324376597,0.6768150497484461,0.6768150497484461
0.6771998973395024,0.6769425137398685,0.6768251605348985,0.6769425137398685,0.6769425137398685
0.6766644724415218,0.676436406715103,0.6763319465643081,0.676436406715103,0.676436406715103
