precision,recall,WAF,accuracy,AUC
0.7144198840927914,0.7141844928807611,0.7141060289259745,0.7141844928807611,0.7141844928807611
0.7127172783940732,0.7124712268784068,0.7123880562078951,0.7124712268784068,0.7124712268784068
0.7137934782226152,0.7135284282190282,0.7134396125634368,0.7135284282190282,0.7135284282190282
