precision,recall,WAF,accuracy,AUC
0.6953467938968784,0.693681534966372,0.6930273279361744,0.693681534966372,0.693681534966372
0.6942764605248234,0.6927780402036424,0.6921845084571095,0.6927780402036424,0.6927780402036424
0.6955332301497169,0.6939851991812312,0.6933783204230392,0.6939851991812312,0.6939851991812314
