precision,recall,WAF,accuracy,AUC
0.6746230752758703,0.6745963438565085,0.6745839168880369,0.6745963438565085,0.6745963864140327
0.6722493601623609,0.6722139980032361,0.6721972053647278,0.6722139980032361,0.6722140472926733
0.6713187679864427,0.6712844699969016,0.6712680483343619,0.6712844699969016,0.6712845186699825
