precision,recall,WAF,accuracy,AUC
0.7152242376425743,0.7120063582038074,0.7109258505295221,0.7120063582038074,0.7120063582038073
0.7138194474873942,0.7106604884120236,0.7095878543580895,0.7106604884120236,0.7106604884120237
0.7150059996014618,0.7119463751490204,0.7109179357634453,0.7119463751490204,0.7119463751490205
