precision,recall,WAF,accuracy,AUC
0.6951404903648075,0.6920783557682377,0.6908653876945082,0.6920783557682377,0.6920779244773161
0.694555672980694,0.6917685130994595,0.6906604040231623,0.6917685130994595,0.691768101009019
0.6941140291072806,0.6912383378662168,0.6900903213332231,0.6912383378662168,0.6912379188066824
