precision,recall,WAF,accuracy,AUC
0.7252685547889693,0.7236475268615105,0.7231494741766697,0.7236475268615105,0.7236475268615106
0.7248563967120759,0.7232716223412586,0.7227831704525756,0.7232716223412586,0.7232716223412587
0.7219674796876462,0.7204166340355549,0.7199277285751445,0.7204166340355549,0.7204172885007117
