precision,recall,WAF,accuracy,AUC
0.7104975132835084,0.7098800238072863,0.7096671026355262,0.7098800238072863,0.7098800238072862
0.709779840404852,0.7092535162735332,0.7090710357571915,0.7092535162735332,0.7092535162735333
0.7109625849844312,0.7103923564883703,0.7101963240216471,0.7103923564883703,0.7103919491736863
