precision,recall,WAF,accuracy,AUC
0.67353624077715,0.6735112614729192,0.6734995121187471,0.6735112614729192,0.6735112614729192
0.6726426751739295,0.6726028255489772,0.6725839318897119,0.6726028255489772,0.6726028255489773
0.6744093315085121,0.6743989349205106,0.6743941205487711,0.6743989349205106,0.6743989951911945
