precision,recall,WAF,accuracy,AUC
0.604497233001427,0.6044857939416721,0.6044749696491842,0.6044857939416721,0.6044857939416722
0.6053576308814059,0.6053472418005826,0.6053375126038334,0.6053472418005826,0.6053472418005826
0.6069219565610267,0.6068916908136894,0.60686372287645,0.6068916908136894,0.6068915587310589
