precision,recall,WAF,accuracy,AUC
0.6860182683465008,0.6847257463270996,0.6841771335312034,0.6847257463270996,0.6847257463270997
0.6914463265864291,0.6901606991824076,0.6896396552801717,0.6901606991824076,0.6901606991824076
0.6904562235398762,0.6891064296342705,0.6885549861770343,0.6891064296342705,0.6891070887529684
