precision,recall,WAF,accuracy,AUC
0.6727649029329191,0.6724931867305705,0.6723643643986784,0.6724931867305705,0.6724931867305705
0.6794780299056018,0.6792594680951038,0.6791617918228423,0.6792594680951038,0.6792594680951038
0.6732474665455664,0.6730519226251077,0.672959807384808,0.6730519226251077,0.6730521855359688
