precision,recall,WAF,accuracy,AUC
0.6981104508936739,0.6957992669861855,0.6949094598817808,0.6957992669861855,0.6957992669861854
0.7042084169053288,0.701735425868496,0.7008296777894932,0.701735425868496,0.701735425868496
0.702205454775986,0.6996632469261492,0.6987167420191814,0.6996632469261492,0.6996641248795592
