precision,recall,WAF,accuracy,AUC
0.6496444069431051,0.6495473483068633,0.6494905136188305,0.6495473483068633,0.6495473483068634
0.6525500549642389,0.6524606083388153,0.6524096565655476,0.6524606083388153,0.6524606083388153
0.6499605388904302,0.6498864437309108,0.6498433228080193,0.6498864437309108,0.6498866175822094
