precision,recall,WAF,accuracy,AUC
0.6729832094207036,0.6726811389906964,0.672538182150463,0.6726811389906964,0.6726811389906963
0.679713230550187,0.6794630830435736,0.679351503303865,0.6794630830435736,0.6794630830435736
0.673410744574538,0.6731928890281149,0.6730903911602562,0.6731928890281149,0.6731931664133327
