precision,recall,WAF,accuracy,AUC
0.6967932917506425,0.6937787801898317,0.6926015854973071,0.6937787801898317,0.6937787801898319
0.6947679573409818,0.6920558844720108,0.6909801372119347,0.6920558844720108,0.6920558844720108
0.6937579710450429,0.6906413971336831,0.6893918221134674,0.6906413971336831,0.6906404037267774
