precision,recall,WAF,accuracy,AUC
0.6860030633978713,0.6858847852645428,0.6858348413713609,0.6858847852645428,0.6858847852645429
0.6885572666692094,0.6884534661529305,0.6884105837665294,0.6884534661529305,0.6884534661529305
0.6869796395753465,0.686850967186154,0.6867972017098749,0.686850967186154,0.68685117244844
