precision,recall,WAF,accuracy,AUC
0.7278370633731864,0.7277041631425618,0.7276644489527306,0.7277041631425618,0.7277041631425618
0.7258484425700558,0.7257306644112396,0.725694902431903,0.7257306644112396,0.7257306644112397
0.7254910462517823,0.7253817840081447,0.7253484370402526,0.7253817840081447,0.7253816114755471
