precision,recall,WAF,accuracy,AUC
0.6964631324048776,0.6934185383579238,0.6922261435818806,0.6934185383579238,0.6934185383579237
0.6944859958443026,0.6917113053284466,0.6906077970688594,0.6917113053284466,0.6917113053284465
0.6945759617700329,0.691424543817057,0.6901694638706135,0.691424543817057,0.6914235469757585
