precision,recall,WAF,accuracy,AUC
0.7553362948562061,0.7285237208209568,0.7212043501447326,0.7285237208209568,0.7285228144564313
0.7712843457701213,0.7708078112850806,0.7707071562879958,0.7708078112850806,0.7708079284955746
0.7558129682208009,0.7318617634225748,0.72543503518791,0.7318617634225748,0.7318617634225748
