precision,recall,WAF,accuracy,AUC
0.7654319130551763,0.7641539971598028,0.7638697862768484,0.7641539971598028,0.7641539971598029
0.7445337963268945,0.7189823323030657,0.7114445036946346,0.7189823323030657,0.7189823323030657
0.7530101935382033,0.7459419949356515,0.7441549812281177,0.7459419949356515,0.745941558600154
