precision,recall,WAF,accuracy,AUC
0.7805735396835172,0.7714789908946621,0.7696120341979301,0.7714789908946621,0.7714789908946621
0.7792794121428827,0.7693331801854482,0.7672609936564864,0.7693331801854482,0.769333180185448
0.7803470236429049,0.7710340146709479,0.7691163989190496,0.7710340146709479,0.771033538865667
