precision,recall,WAF,accuracy,AUC
0.8631032452641043,0.8600412827870916,0.8597456426955961,0.8600412827870916,0.8600415396227016
0.863441226094303,0.8603713213288806,0.8600758017678394,0.8603713213288806,0.8603710642654817
0.8655801011784454,0.8623843460165803,0.8620829420640763,0.8623843460165803,0.8623843460165803
