precision,recall,WAF,accuracy,AUC
0.7518697125947765,0.7333138417843121,0.7283098182141976,0.7333138417843121,0.7333138417843121
0.7510742816082143,0.7321130231392532,0.7269579543207177,0.7321130231392532,0.7321130231392532
0.7516962088717968,0.7328164565223066,0.7277100467860792,0.7328164565223066,0.7328157415489388
