precision,recall,WAF,accuracy,AUC
0.8124933967004061,0.8054115133106222,0.8043026586267783,0.8054115133106222,0.8054110922471623
0.8125987796307974,0.8058646170713835,0.8048135190697332,0.8058646170713835,0.8058650275774706
0.814475868080344,0.8079053063781704,0.8068966459118857,0.8079053063781704,0.8079053063781704
