precision,recall,WAF,accuracy,AUC
0.8489989072538561,0.8447184863419932,0.844240895643539,0.8447184863419932,0.8447184863419932
0.8480798061569418,0.8441180770194637,0.843673262223358,0.8441180770194637,0.8441180770194636
0.8480116969099248,0.8439397499151591,0.8434819647523785,0.8439397499151591,0.8439400322828474
