precision,recall,WAF,accuracy,AUC
0.7901461922336006,0.7779232184911086,0.7755592938822174,0.7779232184911086,0.7779226444117362
0.7897139833832472,0.7774421453623991,0.7750602956296626,0.7774421453623991,0.7774427209924293
0.7899385766563936,0.7778156920219729,0.7754686712959954,0.7778156920219729,0.7778156920219728
