precision,recall,WAF,accuracy,AUC
0.7596941758907272,0.7369145312054238,0.7310155702543438,0.7369145312054238,0.7369137028193838
0.7599486183913137,0.7374515430700297,0.7316457268067378,0.7374515430700297,0.7374523658697488
0.7599569717000552,0.7377577391674032,0.7320370109786896,0.7377577391674032,0.7377577391674031
