precision,recall,WAF,accuracy,AUC
0.7598124413293535,0.738139589521556,0.7325620401339583,0.738139589521556,0.7381387816940184
0.7604334836014635,0.7391185173997438,0.7336694218855779,0.7391185173997438,0.7391193175445256
0.7603517106538701,0.7392065605316447,0.7338015585904527,0.7392065605316447,0.7392065605316449
