precision,recall,WAF,accuracy,AUC
0.8023546969612053,0.7977978030239746,0.7970330564831852,0.7977978030239746,0.7977978030239747
0.802216770357314,0.79723394035586,0.7963946995367587,0.79723394035586,0.7972339403558599
0.8017414122386055,0.7970605894484036,0.7962704028776361,0.7970605894484036,0.7970602643021704
