precision,recall,WAF,accuracy,AUC
0.7223369589883131,0.7202144766519087,0.7195451542200518,0.7202144766519087,0.7202144766519087
0.721411290307023,0.7195566368724418,0.718968120428733,0.7195566368724418,0.7195566368724418
0.7216209946146852,0.7196804761531835,0.7190656207725417,0.7196804761531835,0.7196807204099477
