precision,recall,WAF,accuracy,AUC
0.7523260812229213,0.734530323281263,0.7297656301003769,0.734530323281263,0.734530323281263
0.7511390495750819,0.7330841199565616,0.7281990300116808,0.7330841199565616,0.7330841199565616
0.7517928181949923,0.7338345472106925,0.7290022694306478,0.7338345472106925,0.7338338500372248
