precision,recall,WAF,accuracy,AUC
0.7294201113424892,0.7277909233807135,0.7273069045096242,0.7277909233807135,0.7277911590591842
0.7295359888660765,0.727908394726096,0.7274250991860444,0.727908394726096,0.7279081591870504
0.7301259693175158,0.7284718570645424,0.7279830524249197,0.7284718570645424,0.7284718570645424
