precision,recall,WAF,accuracy,AUC
0.7127100843247507,0.7124923154032602,0.7124186800230569,0.7124923154032602,0.7124922527488347
0.7155516014279719,0.7152607280886205,0.7151646022235347,0.7152607280886205,0.7152606561578642
0.714199373232346,0.7139411310943258,0.7138548533941169,0.7139411310943258,0.7139410631040912
