precision,recall,WAF,accuracy,AUC
0.8412818035839492,0.8362015968298346,0.8355898063033941,0.8362015968298346,0.8362018356977639
0.8419887189149751,0.8371922735050767,0.8366194605843847,0.8371922735050767,0.8371925053659095
0.8414320920458903,0.8365031071222996,0.8359109485998104,0.8365031071222996,0.8365033423563485
