precision,recall,WAF,accuracy,AUC
0.7117118734172629,0.6141260423649703,0.5638687921731742,0.6141260423649703,0.6141260423649704
0.7129468229163515,0.6143891788262861,0.5639332598474526,0.6143891788262861,0.6143891788262861
0.7124986142087256,0.6137313376729966,0.5629468282867096,0.6137313376729966,0.6137313376729966
