precision,recall,WAF,accuracy,AUC
0.6917259951258556,0.5432796827326095,0.4336546422660736,0.5432796827326095,0.5432796827326095
0.6937977718545404,0.5044231986116419,0.34422005820661866,0.5044231986116419,0.5044231986116419
0.6961702938032077,0.5657841153289519,0.47925472091620946,0.5657841153289519,0.5657841153289519
