precision,recall,WAF,accuracy,AUC
0.6950757690570045,0.580886268662327,0.5090390802453595,0.580886268662327,0.5808862686623271
0.6963567555504235,0.5809708482391786,0.5088110094004993,0.5809708482391786,0.5809708482391784
0.6968301646920255,0.5810053065853032,0.5087338182685811,0.5810053065853032,0.5810053065853031
