precision,recall,WAF,accuracy,AUC
0.7301466423399158,0.6240323281685012,0.5750480731105664,0.6240323281685012,0.6240309987281409
0.7324307926530412,0.6250778248969188,0.5761342060055255,0.6250778248969188,0.6250764943066109
0.7309815997314673,0.6249877633809876,0.576389933592381,0.6249877633809876,0.6249864370992086
