precision,recall,WAF,accuracy,AUC
0.7270973825572281,0.6418148897646182,0.604703168332601,0.6418148897646182,0.6418148897646182
0.7289395391807637,0.642504056687112,0.6052443322035327,0.642504056687112,0.642504056687112
0.7280375680429672,0.6412071698420555,0.6034592307740781,0.6412071698420555,0.6412071698420554
