precision,recall,WAF,accuracy,AUC
0.6924675908658174,0.5477028813442514,0.442957930491916,0.5477028813442514,0.5477028813442515
0.6964303302717088,0.5485612074204482,0.4439070908956092,0.5485612074204482,0.5485612074204481
0.6972331878457069,0.548442169497472,0.4434845546813169,0.548442169497472,0.548442169497472
