precision,recall,WAF,accuracy,AUC
0.7079235226339294,0.5461408640423524,0.4365327061680037,0.5461408640423524,0.5461391370200462
0.7100646335317474,0.5470336477654955,0.4379879220140104,0.5470336477654955,0.5470319229511331
0.7083642105672813,0.5467478003453663,0.4377126681344647,0.5467478003453663,0.5467460760369836
