precision,recall,WAF,accuracy,AUC
0.7124506876332926,0.5843191153609705,0.510514296705924,0.5843191153609705,0.5843175948727137
0.7142815613017695,0.5854468421691512,0.5121110962222963,0.5854468421691512,0.5854453240421703
0.7120503498492097,0.5840802565578489,0.5101786453197661,0.5840802565578489,0.5840787355942701
