precision,recall,WAF,accuracy,AUC
0.6942401984937694,0.6942260342202703,0.6942204597497538,0.6942260342202703,0.6942260342202703
0.6958789688176522,0.6958455764881306,0.6958326133077706,0.6958455764881306,0.6958455764881306
0.694579854424991,0.6945486896430741,0.6945364585404746,0.6945486896430741,0.6945486896430741
