precision,recall,WAF,accuracy,AUC
0.80717626132159,0.798728800285691,0.7973354628140131,0.798728800285691,0.798728800285691
0.8076845039881753,0.7994743535927524,0.7981276802272399,0.7994743535927524,0.7994743535927524
0.8077012433689531,0.7994900164773546,0.798143344311449,0.7994900164773546,0.7994900164773546
