precision,recall,WAF,accuracy,AUC
0.7028746997916447,0.5192398808055415,0.3786270812571832,0.5192398808055415,0.5192380180871171
0.70958745270257,0.5599829274691539,0.4644038049878739,0.5599829274691539,0.559981273324087
0.7043665536221687,0.5140907115251331,0.3666741360352799,0.5140907115251331,0.5140888223574666
