precision,recall,WAF,accuracy,AUC
0.7462651647254548,0.653239669356765,0.6170771976125938,0.653239669356765,0.6532384660295283
0.7480114843794691,0.6535607582396498,0.6171054764660694,0.6535607582396498,0.6535595500059066
0.7484884073712659,0.6541128744894883,0.6178248315840109,0.6541128744894883,0.6541116678963682
